{"cameraMode":{"drawMode":0,"name":"Shaded","section":"Shading Mode"},"sceneLighting":true,"audioPlay":false,"sceneViewState":{"showFog":true,"showMaterialUpdate":false,"showSkybox":true,"showFlares":true,"showImageEffects":true,"showParticleSystems":true},"in2DMode":false,"pivot":{"x":54.66041564941406,"y":-27.45596694946289,"z":-15.669597625732422},"rotation":{"x":-0.016343461349606515,"y":0.9128355979919434,"z":-0.40634480118751528,"w":-0.036714956164360049},"size":26.790203094482423,"orthographic":false}