{"cameraMode":{"drawMode":0,"name":"Shaded","section":"Shading Mode"},"sceneLighting":false,"audioPlay":false,"sceneViewState":{"showFog":true,"showMaterialUpdate":false,"showSkybox":false,"showFlares":true,"showImageEffects":true,"showParticleSystems":true},"in2DMode":false,"pivot":{"x":10.345305442810059,"y":3.069359540939331,"z":12.835585594177246},"rotation":{"x":0.09765996783971787,"y":-0.29112833738327029,"z":0.029889779165387155,"w":0.9512202143669128},"size":0.8660253882408142,"orthographic":false}