{"cameraMode":{"drawMode":0,"name":"Shaded","section":"Shading Mode"},"sceneLighting":false,"audioPlay":false,"sceneViewState":{"showFog":true,"showMaterialUpdate":false,"showSkybox":false,"showFlares":true,"showImageEffects":true,"showParticleSystems":true},"in2DMode":false,"pivot":{"x":-0.000002294778823852539,"y":-0.09093371778726578,"z":0.3749963939189911},"rotation":{"x":-0.278188019990921,"y":-0.3474106788635254,"z":0.1087283045053482,"w":-0.8888751864433289},"size":0.729943037033081,"orthographic":false}