{"cameraMode":{"drawMode":0,"name":"Shaded","section":"Shading Mode"},"sceneLighting":false,"audioPlay":false,"sceneViewState":{"showFog":true,"showMaterialUpdate":false,"showSkybox":false,"showFlares":true,"showImageEffects":true,"showParticleSystems":true},"in2DMode":false,"pivot":{"x":-2.658996343612671,"y":-0.535814106464386,"z":0.2762202024459839},"rotation":{"x":0.08875464648008347,"y":-0.7040005922317505,"z":0.08939941227436066,"w":0.6989418864250183},"size":2.2191410064697267,"orthographic":false}