{"cameraMode":{"drawMode":0,"name":"Shaded","section":"Shading Mode"},"sceneLighting":false,"audioPlay":false,"sceneViewState":{"showFog":true,"showMaterialUpdate":false,"showSkybox":true,"showFlares":true,"showImageEffects":true,"showParticleSystems":true},"in2DMode":false,"pivot":{"x":22.243940353393556,"y":14.273336410522461,"z":19.750804901123048},"rotation":{"x":-0.20432965457439423,"y":-0.7567604780197144,"z":0.27864906191825869,"w":-0.5549095273017883},"size":3.3655319213867189,"orthographic":false}