{"cameraMode":{"drawMode":0,"name":"Shaded","section":"Shading Mode"},"sceneLighting":false,"audioPlay":false,"sceneViewState":{"showFog":true,"showMaterialUpdate":false,"showSkybox":false,"showFlares":true,"showImageEffects":true,"showParticleSystems":true},"in2DMode":false,"pivot":{"x":0.4522970914840698,"y":-0.4217950999736786,"z":0.6641911268234253},"rotation":{"x":-0.16949725151062013,"y":-0.3796963393688202,"z":0.07098165154457092,"w":-0.9066793322563171},"size":0.7805787920951843,"orthographic":false}