{"cameraMode":{"drawMode":0,"name":"Shaded","section":"Shading Mode"},"sceneLighting":false,"audioPlay":false,"sceneViewState":{"showFog":true,"showMaterialUpdate":false,"showSkybox":false,"showFlares":true,"showImageEffects":true,"showParticleSystems":true},"in2DMode":false,"pivot":{"x":0.1617181897163391,"y":0.21006275713443757,"z":0.1660315990447998},"rotation":{"x":0.002451024018228054,"y":0.8386395573616028,"z":-0.0037739030085504057,"w":0.5446682572364807},"size":0.32965248823165896,"orthographic":false}